,date,link,name,ovr,pos,program
9,2019-05-16,https://www.muthead.com/19/players/prices/67106-zach-ertz,Zach Ertz,99,TE,Position Heroes
1,2019-05-16,https://www.muthead.com/19/players/prices/67116-geno-atkins,Geno Atkins,99,DT,Position Heroes
30,2019-05-16,https://www.muthead.com/19/players/prices/67110-kevin-zeitler,Kevin Zeitler,99,RG,Position Heroes
6,2019-05-16,https://www.muthead.com/19/players/prices/67119-lavonte-david,Lavonte David,99,ROLB,Position Heroes
0,2019-05-14,https://www.muthead.com/19/players/prices/67123-jamal-adams,Jamal Adams,99,SS,Position Heroes
20,2019-05-14,https://www.muthead.com/19/players/prices/67103-kyle-juszczyk,Kyle Juszczyk,99,FB,Position Heroes
17,2019-05-14,https://www.muthead.com/19/players/prices/67104-t-y-hilton,T.Y. Hilton,99,WR,Position Heroes
24,2019-05-14,https://www.muthead.com/19/players/prices/67121-jalen-ramsey,Jalen Ramsey,99,CB,Position Heroes
25,2019-05-13,https://www.muthead.com/19/players/prices/66-aaron-rodgers,Aaron Rodgers,99,QB,MUT Loyalty
10,2019-05-13,https://www.muthead.com/19/players/prices/67-kyle-fuller,Kyle Fuller,99,CB,MUT Loyalty
399,2019-05-11,https://www.muthead.com/19/players/prices/64229-john-elway,John Elway,99,QB,Ultimate Legends
397,2019-05-11,https://www.muthead.com/19/players/prices/64241-jerry-rice,Jerry Rice,99,WR,Ultimate Legends
379,2019-05-11,https://www.muthead.com/19/players/prices/64235-bobby-bell,Bobby Bell,99,LOLB,Ultimate Legends
16,2019-05-11,https://www.muthead.com/19/players/prices/60907-casey-hayward,Casey Hayward,99,CB,Master
422,2019-05-04,https://www.muthead.com/19/players/prices/64216-terrell-davis,Terrell Davis,99,HB,Ultimate Legends
418,2019-05-04,https://www.muthead.com/19/players/prices/64222-ronnie-lott,Ronnie Lott,99,FS,Ultimate Legends
400,2019-05-04,https://www.muthead.com/19/players/prices/64228-john-randle,John Randle,99,DT,Ultimate Legends
396,2019-04-27,https://www.muthead.com/19/players/prices/64215-jeremy-shockey,Jeremy Shockey,99,TE,Ultimate Legends
423,2019-04-27,https://www.muthead.com/19/players/prices/64203-terrell-owens,Terrell Owens,99,WR,Ultimate Legends
417,2019-04-27,https://www.muthead.com/19/players/prices/64209-rod-woodson,Rod Woodson,99,CB,Ultimate Legends
238,2019-04-26,https://www.muthead.com/19/players/prices/66856-johnathan-abram,Johnathan Abram,95,SS,NFL Draft
245,2019-04-26,https://www.muthead.com/19/players/prices/66852-deandre-baker,DeAndre Baker,95,CB,NFL Draft
263,2019-04-26,https://www.muthead.com/19/players/prices/66866-l-j-collier,L.J. Collier,95,RE,NFL Draft
273,2019-04-26,https://www.muthead.com/19/players/prices/66823-andre-dillard,Andre Dillard,95,LT,NFL Draft
255,2019-04-26,https://www.muthead.com/19/players/prices/66810-marquise-brown,Marquise Brown,95,WR,NFL Draft
363,2019-04-26,https://www.muthead.com/19/players/prices/66836-jerry-tillery,Jerry Tillery,95,DT,NFL Draft
289,2019-04-26,https://www.muthead.com/19/players/prices/66865-tytus-howard,Tytus Howard,95,LT,NFL Draft
294,2019-04-26,https://www.muthead.com/19/players/prices/66806-josh-jacobs,Josh Jacobs,95,HB,NFL Draft
325,2019-04-26,https://www.muthead.com/19/players/prices/66863-kaleb-mcgary,Kaleb McGary,95,RT,NFL Draft
348,2019-04-26,https://www.muthead.com/19/players/prices/66864-darnell-savage-jr,Darnell Savage Jr,95,FS,NFL Draft
359,2019-04-26,https://www.muthead.com/19/players/prices/66842-montez-sweat,Montez Sweat,95,ROLB,NFL Draft
283,2019-04-26,https://www.muthead.com/19/players/prices/66813-nkeal-harry,N'Keal Harry,95,WR,NFL Draft
192,2019-04-25,https://www.muthead.com/19/players/prices/66844-brian-burns,Brian Burns,96,LE,NFL Draft
67,2019-04-25,https://www.muthead.com/19/players/prices/66841-josh-allen,Josh Allen,97,RE,NFL Draft
80,2019-04-25,https://www.muthead.com/19/players/prices/66848-devin-bush,Devin Bush,97,MLB,NFL Draft
111,2019-04-25,https://www.muthead.com/19/players/prices/66818-t-j-hockenson,T.J. Hockenson,97,TE,NFL Draft
130,2019-04-25,https://www.muthead.com/19/players/prices/66804-daniel-jones,Daniel Jones,97,QB,NFL Draft
159,2019-04-25,https://www.muthead.com/19/players/prices/66833-ed-oliver-jr,Ed Oliver Jr,97,DT,NFL Draft
187,2019-04-25,https://www.muthead.com/19/players/prices/66824-garrett-bradbury,Garrett Bradbury,96,C,NFL Draft
62,2019-04-25,https://www.muthead.com/19/players/prices/66847-devin-white,Devin White,98,MLB,NFL Draft
195,2019-04-25,https://www.muthead.com/19/players/prices/66819-noah-fant,Noah Fant,96,TE,NFL Draft
199,2019-04-25,https://www.muthead.com/19/players/prices/66831-rashan-gary,Rashan Gary,96,LOLB,NFL Draft
204,2019-04-25,https://www.muthead.com/19/players/prices/66802-dwayne-haskins-jr,Dwayne Haskins Jr,96,QB,NFL Draft
215,2019-04-25,https://www.muthead.com/19/players/prices/66826-chris-lindstrom,Chris Lindstrom,96,RG,NFL Draft
226,2019-04-25,https://www.muthead.com/19/players/prices/66834-jeffery-simmons,Jeffery Simmons,96,DT,NFL Draft
233,2019-04-25,https://www.muthead.com/19/players/prices/66832-christian-wilkins,Christian Wilkins,96,DT,NFL Draft
235,2019-04-25,https://www.muthead.com/19/players/prices/66822-jonah-williams,Jonah Williams,96,LT,NFL Draft
63,2019-04-25,https://www.muthead.com/19/players/prices/66830-quinnen-williams,Quinnen Williams,98,DT,NFL Draft
213,2019-04-25,https://www.muthead.com/19/players/prices/66835-dexter-lawrence-ii,Dexter Lawrence II,96,DT,NFL Draft
11,2019-04-25,https://www.muthead.com/19/players/prices/66157-myles-garrett,Myles Garrett,99,RE,NFL Draft
22,2019-04-25,https://www.muthead.com/19/players/prices/66801-kyler-murray,Kyler Murray,99,QB,NFL Draft
21,2019-04-25,https://www.muthead.com/19/players/prices/66156-marshawn-lynch,Marshawn Lynch,99,HB,NFL Draft
35,2019-04-25,https://www.muthead.com/19/players/prices/66840-nick-bosa,Nick Bosa,98,LE,NFL Draft
39,2019-04-25,https://www.muthead.com/19/players/prices/66843-clelin-ferrell,Clelin Ferrell,98,LE,NFL Draft
106,2019-04-21,https://www.muthead.com/19/players/prices/66721-a-j-green,A.J. Green,97,WR,Color Smash
387,2019-04-20,https://www.muthead.com/19/players/prices/64190-dan-marino,Dan Marino,99,QB,Ultimate Legends
381,2019-04-20,https://www.muthead.com/19/players/prices/64196-brian-urlacher,Brian Urlacher,99,MLB,Ultimate Legends
388,2019-04-20,https://www.muthead.com/19/players/prices/64202-demarcus-ware,DeMarcus Ware,99,LOLB,Ultimate Legends
13,2019-04-16,https://www.muthead.com/19/players/prices/66520-melvin-gordon,Melvin Gordon,99,HB,Color Smash
96,2019-04-16,https://www.muthead.com/19/players/prices/66523-demar-dotson,Demar Dotson,97,RT,Color Smash
12,2019-04-16,https://www.muthead.com/19/players/prices/66720-melvin-gordon,Melvin Gordon,99,HB,Color Smash
105,2019-04-16,https://www.muthead.com/19/players/prices/66521-a-j-green,A.J. Green,97,WR,Color Smash
167,2019-04-16,https://www.muthead.com/19/players/prices/66524-brandon-scherff,Brandon Scherff,97,RG,Color Smash
29,2019-04-16,https://www.muthead.com/19/players/prices/66701-j-j-watt,J.J. Watt,99,LE,Color Smash
165,2019-04-16,https://www.muthead.com/19/players/prices/66522-ben-roethlisberger,Ben Roethlisberger,97,QB,Color Smash
122,2019-04-14,https://www.muthead.com/19/players/prices/66702-derwin-james,Derwin James,97,SS,Color Smash
414,2019-04-13,https://www.muthead.com/19/players/prices/64177-randy-moss,Randy Moss,99,WR,Ultimate Legends
421,2019-04-13,https://www.muthead.com/19/players/prices/64189-steve-young,Steve Young,99,QB,Ultimate Legends
393,2019-04-13,https://www.muthead.com/19/players/prices/64183-ed-reed,Ed Reed,99,SS,Ultimate Legends
118,2019-04-09,https://www.muthead.com/19/players/prices/66505-myles-jack,Myles Jack,97,LOLB,Color Smash
123,2019-04-09,https://www.muthead.com/19/players/prices/66502-derwin-james,Derwin James,97,SS,Color Smash
84,2019-04-09,https://www.muthead.com/19/players/prices/66503-bradley-chubb,Bradley Chubb,97,RE,Color Smash
28,2019-04-09,https://www.muthead.com/19/players/prices/66501-j-j-watt,J.J. Watt,99,LE,Color Smash
177,2019-04-09,https://www.muthead.com/19/players/prices/66504-aqib-talib,Aqib Talib,97,CB,Color Smash
50,2019-04-08,https://www.muthead.com/19/players/prices/66152-jason-peters,Jason Peters,98,LT,NFL Draft
15,2019-04-08,https://www.muthead.com/19/players/prices/66151-chris-harris-jr,Chris Harris Jr,99,CB,NFL Draft
7,2019-04-08,https://www.muthead.com/19/players/prices/66155-stefon-diggs,Stefon Diggs,99,WR,NFL Draft
41,2019-04-08,https://www.muthead.com/19/players/prices/66153-antonio-gates,Antonio Gates,98,TE,NFL Draft
58,2019-04-08,https://www.muthead.com/19/players/prices/66154-adam-vinatieri,Adam Vinatieri,98,K,NFL Draft
380,2019-04-06,https://www.muthead.com/19/players/prices/64176-brian-dawkins,Brian Dawkins,98,FS,Ultimate Legends
416,2019-04-06,https://www.muthead.com/19/players/prices/64170-ray-nitschke,Ray Nitschke,98,MLB,Ultimate Legends
424,2019-04-06,https://www.muthead.com/19/players/prices/64164-tony-gonzalez,Tony Gonzalez,98,TE,Ultimate Legends
45,2019-04-05,https://www.muthead.com/19/players/prices/66142-reshad-jones,Reshad Jones,98,SS,NFL Draft
190,2019-04-05,https://www.muthead.com/19/players/prices/66143-trent-brown,Trent Brown,96,LT,NFL Draft
60,2019-04-05,https://www.muthead.com/19/players/prices/66141-rick-wagner,Rick Wagner,98,RT,NFL Draft
44,2019-04-05,https://www.muthead.com/19/players/prices/66140-grady-jarrett,Grady Jarrett,98,DT,NFL Draft
4,2019-04-05,https://www.muthead.com/19/players/prices/66139-tom-brady,Tom Brady,99,QB,NFL Draft
3,2019-04-04,https://www.muthead.com/19/players/prices/66138-chuck-bednarik,Chuck Bednarik,99,LOLB,NFL Draft
55,2019-04-03,https://www.muthead.com/19/players/prices/66129-john-sullivan,John Sullivan,98,C,NFL Draft
27,2019-04-03,https://www.muthead.com/19/players/prices/66126-telvin-smith,Telvin Smith,99,ROLB,NFL Draft
61,2019-04-03,https://www.muthead.com/19/players/prices/66128-delanie-walker,Delanie Walker,98,TE,NFL Draft
222,2019-04-03,https://www.muthead.com/19/players/prices/66130-jordan-poyer,Jordan Poyer,96,FS,NFL Draft
52,2019-04-03,https://www.muthead.com/19/players/prices/66127-richard-sherman,Richard Sherman,98,CB,NFL Draft
23,2019-04-02,https://www.muthead.com/19/players/prices/66125-cam-newton,Cam Newton,99,QB,NFL Draft
164,2019-04-01,https://www.muthead.com/19/players/prices/60906-jordan-reed,Jordan Reed,97,TE,Master
53,2019-03-31,https://www.muthead.com/19/players/prices/66115-jimmy-smith,Jimmy Smith,98,CB,NFL Draft
19,2019-03-31,https://www.muthead.com/19/players/prices/66113-keyshawn-johnson,Keyshawn Johnson,99,WR,NFL Draft
48,2019-03-31,https://www.muthead.com/19/players/prices/66116-quenton-nelson,Quenton Nelson,98,LG,NFL Draft
34,2019-03-31,https://www.muthead.com/19/players/prices/66114-joey-bosa,Joey Bosa,98,LE,NFL Draft
211,2019-03-31,https://www.muthead.com/19/players/prices/66117-ryan-kerrigan,Ryan Kerrigan,96,LOLB,NFL Draft
426,2019-03-30,https://www.muthead.com/19/players/prices/64163-willie-roaf,Willie Roaf,98,LT,Ultimate Legends
382,2019-03-30,https://www.muthead.com/19/players/prices/64151-bruce-matthews,Bruce Matthews,98,C,Ultimate Legends
390,2019-03-30,https://www.muthead.com/19/players/prices/64157-deion-sanders,Deion Sanders,98,CB,Ultimate Legends
197,2019-03-29,https://www.muthead.com/19/players/prices/66105-travis-frederick,Travis Frederick,96,C,NFL Draft
51,2019-03-29,https://www.muthead.com/19/players/prices/66104-adrian-peterson,Adrian Peterson,98,HB,NFL Draft
26,2019-03-29,https://www.muthead.com/19/players/prices/66101-bruce-smith,Bruce Smith,99,RE,NFL Draft
54,2019-03-29,https://www.muthead.com/19/players/prices/66102-roquan-smith,Roquan Smith,98,MLB,NFL Draft
43,2019-03-29,https://www.muthead.com/19/players/prices/66103-deandre-hopkins,DeAndre Hopkins,98,WR,NFL Draft
14,2019-03-26,https://www.muthead.com/19/players/prices/63-rob-gronkowski,Rob Gronkowski,99,TE,Limited Edition
407,2019-03-23,https://www.muthead.com/19/players/prices/64150-mel-blount,Mel Blount,98,CB,Ultimate Legends
385,2019-03-23,https://www.muthead.com/19/players/prices/64138-chad-johnson,Chad Johnson,98,WR,Ultimate Legends
389,2019-03-23,https://www.muthead.com/19/players/prices/64144-deacon-jones,Deacon Jones,98,LE,Ultimate Legends
182,2019-03-21,https://www.muthead.com/19/players/prices/65053-cody-whitehair,Cody Whitehair,97,C,Team MVPs
148,2019-03-21,https://www.muthead.com/19/players/prices/65055-bradley-mcdougald,Bradley McDougald,97,SS,Team MVPs
146,2019-03-21,https://www.muthead.com/19/players/prices/65056-tyrann-mathieu,Tyrann Mathieu,97,FS,Team MVPs
117,2019-03-21,https://www.muthead.com/19/players/prices/65057-melvin-ingram,Melvin Ingram,97,RE,Team MVPs
120,2019-03-21,https://www.muthead.com/19/players/prices/65054-lamar-jackson,Lamar Jackson,97,QB,Team MVPs
78,2019-03-21,https://www.muthead.com/19/players/prices/65060-brandon-brooks,Brandon Brooks,97,RG,Team MVPs
95,2019-03-19,https://www.muthead.com/19/players/prices/65058-pierre-desir,Pierre Desir,97,CB,Team MVPs
102,2019-03-19,https://www.muthead.com/19/players/prices/65061-dee-ford,Dee Ford,97,ROLB,Team MVPs
98,2019-03-19,https://www.muthead.com/19/players/prices/65059-ezekiel-elliott,Ezekiel Elliott,97,HB,Team MVPs
90,2019-03-19,https://www.muthead.com/19/players/prices/65063-brandin-cooks,Brandin Cooks,97,WR,Team MVPs
101,2019-03-19,https://www.muthead.com/19/players/prices/65062-trey-flowers,Trey Flowers,97,RE,Team MVPs
133,2019-03-19,https://www.muthead.com/19/players/prices/65064-alvin-kamara,Alvin Kamara,97,HB,Team MVPs
406,2019-03-16,https://www.muthead.com/19/players/prices/64131-mean-joe-greene,Mean Joe Greene,98,DT,Ultimate Legends
404,2019-03-16,https://www.muthead.com/19/players/prices/64125-larry-allen,Larry Allen,98,RG,Ultimate Legends
386,2019-03-16,https://www.muthead.com/19/players/prices/64137-cris-carter,Cris Carter,98,WR,Ultimate Legends
169,2019-03-15,https://www.muthead.com/19/players/prices/65045-darius-slay-jr,Darius Slay Jr,97,CB,Team MVPs
180,2019-03-15,https://www.muthead.com/19/players/prices/65050-t-j-watt,T.J. Watt,97,ROLB,Team MVPs
89,2019-03-15,https://www.muthead.com/19/players/prices/65048-jared-cook,Jared Cook,97,TE,Team MVPs
185,2019-03-15,https://www.muthead.com/19/players/prices/65044-leonard-williams,Leonard Williams,97,LE,Team MVPs
64,2019-03-15,https://www.muthead.com/19/players/prices/65046-davante-adams,Davante Adams,97,WR,Team MVPs
186,2019-03-15,https://www.muthead.com/19/players/prices/65049-trent-williams,Trent Williams,97,LT,Team MVPs
65,2019-03-15,https://www.muthead.com/19/players/prices/65047-mario-addison,Mario Addison,97,RE,Team MVPs
83,2019-03-15,https://www.muthead.com/19/players/prices/65051-jurrell-casey,Jurrell Casey,97,RE,Team MVPs
81,2019-03-15,https://www.muthead.com/19/players/prices/65043-calais-campbell,Calais Campbell,97,LE,Team MVPs
91,2019-03-15,https://www.muthead.com/19/players/prices/65052-kirk-cousins,Kirk Cousins,97,QB,Team MVPs
5,2019-03-14,https://www.muthead.com/19/players/prices/65961-antonio-brown,Antonio Brown,99,WR,Movers
56,2019-03-14,https://www.muthead.com/19/players/prices/65954-golden-tate-iii,Golden Tate III,98,WR,Free Agents
2,2019-03-14,https://www.muthead.com/19/players/prices/65960-odell-beckham-jr,Odell Beckham Jr,99,WR,Movers
36,2019-03-14,https://www.muthead.com/19/players/prices/65955-landon-collins,Landon Collins,98,SS,Free Agents
262,2019-03-13,https://www.muthead.com/19/players/prices/65936-tevin-coleman,Tevin Coleman,95,HB,Free Agents
341,2019-03-13,https://www.muthead.com/19/players/prices/65937-sheldon-richardson,Sheldon Richardson,95,DT,Free Agents
32,2019-03-12,https://www.muthead.com/19/players/prices/65935-anthony-barr,Anthony Barr,98,ROLB,Free Agents
40,2019-03-12,https://www.muthead.com/19/players/prices/65934-nick-foles,Nick Foles,98,QB,Free Agents
372,2019-03-11,https://www.muthead.com/19/players/prices/65904-daryl-williams,Daryl Williams,95,RT,Free Agents
33,2019-03-11,https://www.muthead.com/19/players/prices/65902-leveon-bell,Le'Veon Bell,98,HB,Free Agents
57,2019-03-11,https://www.muthead.com/19/players/prices/65903-earl-thomas-iii,Earl Thomas III,98,FS,Free Agents
243,2019-03-11,https://www.muthead.com/19/players/prices/65905-ezekiel-ansah,Ezekiel Ansah,95,RE,Free Agents
395,2019-03-09,https://www.muthead.com/19/players/prices/64124-jason-taylor,Jason Taylor,98,RE,Ultimate Legends
405,2019-03-09,https://www.muthead.com/19/players/prices/64118-lawrence-taylor,Lawrence Taylor,98,ROLB,Ultimate Legends
408,2019-03-09,https://www.muthead.com/19/players/prices/64112-michael-vick,Michael Vick,98,QB,Ultimate Legends
100,2019-03-08,https://www.muthead.com/19/players/prices/65037-mike-evans,Mike Evans,97,WR,Team MVPs
79,2019-03-08,https://www.muthead.com/19/players/prices/65041-deforest-buckner,DeForest Buckner,97,DT,Team MVPs
174,2019-03-08,https://www.muthead.com/19/players/prices/65042-nate-solder,Nate Solder,97,LT,Team MVPs
88,2019-03-08,https://www.muthead.com/19/players/prices/65036-jamie-collins-sr,Jamie Collins Sr,97,LOLB,Team MVPs
132,2019-03-08,https://www.muthead.com/19/players/prices/65034-zay-jones,Zay Jones,97,WR,Team MVPs
121,2019-03-08,https://www.muthead.com/19/players/prices/65033-william-jackson,William Jackson,97,CB,Team MVPs
124,2019-03-08,https://www.muthead.com/19/players/prices/65039-jawuan-james,Ja'Wuan James,97,RT,Team MVPs
126,2019-03-08,https://www.muthead.com/19/players/prices/65038-david-johnson,David Johnson,97,HB,Team MVPs
134,2019-03-08,https://www.muthead.com/19/players/prices/65040-damontae-kazee,Damontae Kazee,97,FS,Team MVPs
139,2019-03-08,https://www.muthead.com/19/players/prices/65035-phillip-lindsay,Phillip Lindsay,97,HB,Team MVPs
285,2019-03-06,https://www.muthead.com/19/players/prices/65828-johnny-hekker,Johnny Hekker,95,P,Team Builders
366,2019-03-06,https://www.muthead.com/19/players/prices/65801-justin-tucker,Justin Tucker,95,K,Team Builders
344,2019-03-06,https://www.muthead.com/19/players/prices/65802-aldrick-rosas,Aldrick Rosas,95,K,Team Builders
310,2019-03-06,https://www.muthead.com/19/players/prices/65829-sam-koch,Sam Koch,95,P,Team Builders
69,2019-03-04,https://www.muthead.com/19/players/prices/65654-adrian-amos,Adrian Amos,97,SS,NFL Combine
138,2019-03-04,https://www.muthead.com/19/players/prices/65653-marshon-lattimore,Marshon Lattimore,97,CB,NFL Combine
86,2019-03-03,https://www.muthead.com/19/players/prices/65651-frank-clark,Frank Clark,97,RE,NFL Combine
87,2019-03-03,https://www.muthead.com/19/players/prices/65652-jadeveon-clowney,Jadeveon Clowney,97,ROLB,NFL Combine
392,2019-03-02,https://www.muthead.com/19/players/prices/64111-donovan-mcnabb,Donovan McNabb,98,QB,Ultimate Legends
166,2019-03-02,https://www.muthead.com/19/players/prices/65650-john-ross,John Ross,97,WR,NFL Combine
425,2019-03-02,https://www.muthead.com/19/players/prices/64099-walter-payton,Walter Payton,98,HB,Ultimate Legends
411,2019-03-02,https://www.muthead.com/19/players/prices/64105-night-train-lane,Night Train Lane,98,CB,Ultimate Legends
66,2019-03-02,https://www.muthead.com/19/players/prices/65649-josh-allen,Josh Allen,97,QB,NFL Combine
150,2019-03-01,https://www.muthead.com/19/players/prices/65647-jerick-mckinnon,Jerick McKinnon,97,HB,NFL Combine
129,2019-03-01,https://www.muthead.com/19/players/prices/65637-byron-jones,Byron Jones,97,CB,NFL Combine
162,2019-03-01,https://www.muthead.com/19/players/prices/65638-patrick-peterson,Patrick Peterson,97,CB,NFL Combine
135,2019-03-01,https://www.muthead.com/19/players/prices/65648-jason-kelce,Jason Kelce,97,C,NFL Combine
168,2019-03-01,https://www.muthead.com/19/players/prices/65639-justin-simmons,Justin Simmons,97,FS,NFL Combine
18,2019-03-01,https://www.muthead.com/19/players/prices/65601-chris-johnson,Chris Johnson,99,HB,NFL Combine
154,2019-03-01,https://www.muthead.com/19/players/prices/65640-keanu-neal,Keanu Neal,97,SS,NFL Combine
184,2019-02-28,https://www.muthead.com/19/players/prices/65628-brandon-williams,Brandon Williams,97,DT,NFL Combine
137,2019-02-28,https://www.muthead.com/19/players/prices/65630-luke-kuechly,Luke Kuechly,97,MLB,NFL Combine
116,2019-02-28,https://www.muthead.com/19/players/prices/65627-danielle-hunter,Danielle Hunter,97,LE,NFL Combine
173,2019-02-28,https://www.muthead.com/19/players/prices/65629-telvin-smith,Telvin Smith,97,ROLB,NFL Combine
119,2019-02-27,https://www.muthead.com/19/players/prices/65619-desean-jackson,DeSean Jackson,97,WR,NFL Combine
93,2019-02-27,https://www.muthead.com/19/players/prices/65620-vernon-davis,Vernon Davis,97,TE,NFL Combine
143,2019-02-27,https://www.muthead.com/19/players/prices/65617-marcus-mariota,Marcus Mariota,97,QB,NFL Combine
72,2019-02-27,https://www.muthead.com/19/players/prices/65618-odell-beckham-jr,Odell Beckham Jr,97,WR,NFL Combine
160,2019-02-26,https://www.muthead.com/19/players/prices/65605-brian-oneill,Brian O'Neill,97,RT,NFL Combine
112,2019-02-26,https://www.muthead.com/19/players/prices/65606-dustin-hopkins,Dustin Hopkins,97,K,NFL Combine
76,2019-02-26,https://www.muthead.com/19/players/prices/65604-garett-bolles,Garett Bolles,97,LT,NFL Combine
157,2019-02-26,https://www.muthead.com/19/players/prices/65607-pat-odonnell,Pat O'Donnell,97,P,NFL Combine
75,2019-02-26,https://www.muthead.com/19/players/prices/65603-tommy-bohanon,Tommy Bohanon,97,FB,NFL Combine
147,2019-02-26,https://www.muthead.com/19/players/prices/65602-christian-mccaffrey,Christian McCaffrey,97,HB,NFL Combine
420,2019-02-23,https://www.muthead.com/19/players/prices/64092-steve-atwater,Steve Atwater,97,SS,Ultimate Legends
412,2019-02-23,https://www.muthead.com/19/players/prices/64098-paul-krause,Paul Krause,97,FS,Ultimate Legends
376,2019-02-23,https://www.muthead.com/19/players/prices/64086-andre-reed,Andre Reed,97,WR,Ultimate Legends
247,2019-02-22,https://www.muthead.com/19/players/prices/65537-eric-berry,Eric Berry,95,SS,Team Builders
305,2019-02-22,https://www.muthead.com/19/players/prices/65561-lamarcus-joyner,Lamarcus Joyner,95,FS,Team Builders
136,2019-02-22,https://www.muthead.com/19/players/prices/65029-travis-kelce,Travis Kelce,97,TE,Team MVPs
127,2019-02-22,https://www.muthead.com/19/players/prices/65031-john-johnson-iii,John Johnson III,97,SS,Team MVPs
145,2019-02-22,https://www.muthead.com/19/players/prices/65030-shaq-mason,Shaq Mason,97,RG,Team MVPs
304,2019-02-22,https://www.muthead.com/19/players/prices/65573-cameron-jordan,Cameron Jordan,95,LE,Team Builders
271,2019-02-22,https://www.muthead.com/19/players/prices/65549-james-develin,James Develin,95,FB,Team Builders
92,2019-02-22,https://www.muthead.com/19/players/prices/65032-demario-davis,Demario Davis,97,MLB,Team MVPs
68,2019-02-20,https://www.muthead.com/19/players/prices/65025-keenan-allen,Keenan Allen,97,WR,Team MVPs
296,2019-02-20,https://www.muthead.com/19/players/prices/65525-alshon-jeffery,Alshon Jeffery,95,WR,Team Builders
125,2019-02-20,https://www.muthead.com/19/players/prices/65028-malcolm-jenkins,Malcolm Jenkins,97,SS,Team MVPs
355,2019-02-20,https://www.muthead.com/19/players/prices/65513-tyron-smith,Tyron Smith,95,LT,Team Builders
97,2019-02-20,https://www.muthead.com/19/players/prices/65026-eric-ebron,Eric Ebron,97,TE,Team MVPs
171,2019-02-20,https://www.muthead.com/19/players/prices/65027-jaylon-smith,Jaylon Smith,97,MLB,Team MVPs
320,2019-02-20,https://www.muthead.com/19/players/prices/65501-marlon-mack,Marlon Mack,95,HB,Team Builders
342,2019-02-20,https://www.muthead.com/19/players/prices/65489-philip-rivers,Philip Rivers,95,QB,Team Builders
179,2019-02-18,https://www.muthead.com/19/players/prices/65024-deshaun-watson,Deshaun Watson,97,QB,Team MVPs
115,2019-02-18,https://www.muthead.com/19/players/prices/65022-marlon-humphrey,Marlon Humphrey,97,CB,Team MVPs
142,2019-02-18,https://www.muthead.com/19/players/prices/65021-khalil-mack,Khalil Mack,97,LE,Team MVPs
82,2019-02-18,https://www.muthead.com/19/players/prices/65023-chris-carson,Chris Carson,97,HB,Team MVPs
364,2019-02-18,https://www.muthead.com/19/players/prices/65441-danny-trevathan,Danny Trevathan,95,MLB,Team Builders
327,2019-02-18,https://www.muthead.com/19/players/prices/65477-whitney-mercilus,Whitney Mercilus,95,LOLB,Team Builders
306,2019-02-18,https://www.muthead.com/19/players/prices/65453-matthew-judon,Matthew Judon,95,LOLB,Team Builders
290,2019-02-16,https://www.muthead.com/19/players/prices/60905-micah-hyde,Micah Hyde,95,SS,Master
391,2019-02-16,https://www.muthead.com/19/players/prices/64085-dermontti-dawson,Dermontti Dawson,97,C,Ultimate Legends
403,2019-02-16,https://www.muthead.com/19/players/prices/64073-ladainian-tomlinson,LaDainian Tomlinson,97,HB,Ultimate Legends
394,2019-02-16,https://www.muthead.com/19/players/prices/64079-everson-walls,Everson Walls,97,CB,Ultimate Legends
241,2019-02-15,https://www.muthead.com/19/players/prices/65213-lorenzo-alexander,Lorenzo Alexander,95,LOLB,Team Builders
314,2019-02-15,https://www.muthead.com/19/players/prices/65417-taylor-lewan,Taylor Lewan,95,LT,Team Builders
240,2019-02-15,https://www.muthead.com/19/players/prices/65249-kwon-alexander,Kwon Alexander,95,MLB,Team Builders
347,2019-02-15,https://www.muthead.com/19/players/prices/65225-emmanuel-sanders,Emmanuel Sanders,95,WR,Team Builders
251,2019-02-15,https://www.muthead.com/19/players/prices/65321-a-j-bouye,A.J. Bouye,95,CB,Team Builders
259,2019-02-15,https://www.muthead.com/19/players/prices/65381-derek-carr,Derek Carr,95,QB,Team Builders
260,2019-02-15,https://www.muthead.com/19/players/prices/65393-ha-ha-clinton-dix,Ha Ha Clinton-Dix,95,FS,Team Builders
335,2019-02-15,https://www.muthead.com/19/players/prices/65369-dontari-poe,Dontari Poe,95,DT,Team Builders
264,2019-02-15,https://www.muthead.com/19/players/prices/65405-james-conner,James Conner,95,HB,Team Builders
336,2019-02-15,https://www.muthead.com/19/players/prices/65345-glover-quin,Glover Quin,95,FS,Team Builders
156,2019-02-15,https://www.muthead.com/19/players/prices/65011-andrew-norwell,Andrew Norwell,97,LG,Team MVPs
365,2019-02-15,https://www.muthead.com/19/players/prices/65285-desmond-trufant,Desmond Trufant,95,CB,Team Builders
114,2019-02-15,https://www.muthead.com/19/players/prices/65002-jerry-hughes,Jerry Hughes,97,RE,Team MVPs
158,2019-02-15,https://www.muthead.com/19/players/prices/65010-alec-ogletree,Alec Ogletree,97,MLB,Team MVPs
277,2019-02-15,https://www.muthead.com/19/players/prices/65297-pierre-garcon,Pierre Garcon,95,WR,Team Builders
163,2019-02-15,https://www.muthead.com/19/players/prices/65005-jason-pierre-paul,Jason Pierre-Paul,97,LE,Team MVPs
279,2019-02-15,https://www.muthead.com/19/players/prices/65357-jimmy-graham,Jimmy Graham,95,TE,Team Builders
155,2019-02-15,https://www.muthead.com/19/players/prices/65017-josh-norman,Josh Norman,97,CB,Team MVPs
170,2019-02-15,https://www.muthead.com/19/players/prices/65020-harrison-smith,Harrison Smith,97,FS,Team MVPs
153,2019-02-15,https://www.muthead.com/19/players/prices/65015-taylor-moton,Taylor Moton,97,RT,Team MVPs
175,2019-02-15,https://www.muthead.com/19/players/prices/65009-joe-staley,Joe Staley,97,LT,Team MVPs
152,2019-02-15,https://www.muthead.com/19/players/prices/65001-joe-mixon,Joe Mixon,97,HB,Team MVPs
151,2019-02-15,https://www.muthead.com/19/players/prices/65003-von-miller,Von Miller,97,LOLB,Team MVPs
113,2019-02-15,https://www.muthead.com/19/players/prices/65007-xavien-howard,Xavien Howard,97,CB,Team MVPs
183,2019-02-15,https://www.muthead.com/19/players/prices/65016-tahir-whitehead,Tahir Whitehead,97,ROLB,Team MVPs
94,2019-02-15,https://www.muthead.com/19/players/prices/65018-david-decastro,David DeCastro,97,RG,Team MVPs
369,2019-02-15,https://www.muthead.com/19/players/prices/65273-cameron-wake,Cameron Wake,95,LE,Team Builders
144,2019-02-15,https://www.muthead.com/19/players/prices/65014-blake-martinez,Blake Martinez,97,MLB,Team MVPs
74,2019-02-15,https://www.muthead.com/19/players/prices/65004-joel-bitonio,Joel Bitonio,97,LG,Team MVPs
110,2019-02-15,https://www.muthead.com/19/players/prices/65019-derrick-henry,Derrick Henry,97,HB,Team MVPs
73,2019-02-15,https://www.muthead.com/19/players/prices/65006-antoine-bethea,Antoine Bethea,97,SS,Team MVPs
71,2019-02-15,https://www.muthead.com/19/players/prices/65012-kelvin-beachum,Kelvin Beachum,97,LT,Team MVPs
274,2019-02-15,https://www.muthead.com/19/players/prices/65201-carlos-dunlap,Carlos Dunlap,95,LE,Team Builders
297,2019-02-15,https://www.muthead.com/19/players/prices/65309-janoris-jenkins,Janoris Jenkins,95,CB,Team Builders
272,2019-02-15,https://www.muthead.com/19/players/prices/65429-stefon-diggs,Stefon Diggs,95,WR,Team Builders
291,2019-02-15,https://www.muthead.com/19/players/prices/65261-mike-iupati,Mike Iupati,95,LG,Team Builders
104,2019-02-15,https://www.muthead.com/19/players/prices/65013-kenny-golladay,Kenny Golladay,97,WR,Team MVPs
131,2019-02-15,https://www.muthead.com/19/players/prices/65008-julio-jones,Julio Jones,97,WR,Team MVPs
300,2019-02-15,https://www.muthead.com/19/players/prices/65333-trumaine-johnson,Trumaine Johnson,95,CB,Team Builders
401,2019-02-14,https://www.muthead.com/19/players/prices/64067-kellen-winslow,Kellen Winslow,97,TE,Ultimate Legends
383,2019-02-13,https://www.muthead.com/19/players/prices/64061-bryant-young,Bryant Young,97,DT,Ultimate Legends
409,2019-02-12,https://www.muthead.com/19/players/prices/64055-mike-alstott,Mike Alstott,97,FB,Ultimate Legends
402,2019-02-11,https://www.muthead.com/19/players/prices/64049-kevin-greene,Kevin Greene,97,LOLB,Ultimate Legends
415,2019-02-09,https://www.muthead.com/19/players/prices/64043-ray-guy,Ray Guy,97,P,Ultimate Legends
419,2019-02-09,https://www.muthead.com/19/players/prices/64019-sean-taylor,Sean Taylor,98,FS,Ultimate Legends
377,2019-02-09,https://www.muthead.com/19/players/prices/64007-anthony-munoz,Anthony Munoz,97,LT,Ultimate Legends
378,2019-02-09,https://www.muthead.com/19/players/prices/64025-bill-romanowski,Bill Romanowski,97,MLB,Ultimate Legends
384,2019-02-09,https://www.muthead.com/19/players/prices/64001-calvin-johnson,Calvin Johnson,98,WR,Ultimate Legends
413,2019-02-09,https://www.muthead.com/19/players/prices/64013-randall-mcdaniel,Randall McDaniel,97,LG,Ultimate Legends
410,2019-02-09,https://www.muthead.com/19/players/prices/64037-morten-andersen,Morten Andersen,97,K,Ultimate Legends
398,2019-02-09,https://www.muthead.com/19/players/prices/64031-jevon-kearse,Jevon Kearse,97,LE,Ultimate Legends
47,2019-02-08,https://www.muthead.com/19/players/prices/63501-patrick-mahomes,Patrick Mahomes,98,QB,NFL Honors
37,2019-02-08,https://www.muthead.com/19/players/prices/63502-aaron-donald,Aaron Donald,98,RE,NFL Honors
31,2019-02-07,https://www.muthead.com/19/players/prices/63503-saquon-barkley,Saquon Barkley,98,HB,NFL Honors
46,2019-02-07,https://www.muthead.com/19/players/prices/63504-darius-leonard,Darius Leonard,98,ROLB,NFL Honors
49,2019-02-06,https://www.muthead.com/19/players/prices/62-julius-peppers,Julius Peppers,98,LE,Limited Edition
141,2019-02-06,https://www.muthead.com/19/players/prices/63506-andrew-luck,Andrew Luck,97,QB,NFL Honors
140,2019-02-06,https://www.muthead.com/19/players/prices/63505-chris-long,Chris Long,97,LE,NFL Honors
8,2019-02-05,https://www.muthead.com/19/players/prices/62280-julian-edelman,Julian Edelman,99,WR,Super Bowl Present
128,2019-02-02,https://www.muthead.com/19/players/prices/63275-keyshawn-johnson,Keyshawn Johnson,97,WR,Super Bowl Past
178,2019-02-02,https://www.muthead.com/19/players/prices/63276-jack-tatum,Jack Tatum,97,FS,Super Bowl Past
176,2019-01-31,https://www.muthead.com/19/players/prices/63274-ndamukong-suh,Ndamukong Suh,97,DT,Super Bowl Present
107,2019-01-30,https://www.muthead.com/19/players/prices/63273-rob-gronkowski,Rob Gronkowski,97,TE,Super Bowl Present
201,2019-01-29,https://www.muthead.com/19/players/prices/63272-jared-goff,Jared Goff,96,QB,Super Bowl Present
324,2019-01-28,https://www.muthead.com/19/players/prices/63254-jason-mccourty,Jason McCourty,95,CB,Super Bowl Present
38,2019-01-28,https://www.muthead.com/19/players/prices/63251-julian-edelman,Julian Edelman,98,WR,Super Bowl Present
328,2019-01-28,https://www.muthead.com/19/players/prices/63253-sony-michel,Sony Michel,95,HB,Super Bowl Present
374,2019-01-28,https://www.muthead.com/19/players/prices/63262-robert-woods,Robert Woods,95,WR,Super Bowl Present
161,2019-01-28,https://www.muthead.com/19/players/prices/63261-marcus-peters,Marcus Peters,97,CB,Super Bowl Present
216,2019-01-28,https://www.muthead.com/19/players/prices/63271-devin-mccourty,Devin McCourty,96,FS,Super Bowl Present
205,2019-01-28,https://www.muthead.com/19/players/prices/63252-donta-hightower,Dont'a Hightower,96,LOLB,Super Bowl Present
196,2019-01-26,https://www.muthead.com/19/players/prices/52373-larry-fitzgerald,Larry Fitzgerald,96,WR,Legends
193,2019-01-26,https://www.muthead.com/19/players/prices/52379-kam-chancellor,Kam Chancellor,96,SS,Legends
191,2019-01-26,https://www.muthead.com/19/players/prices/52385-tedy-bruschi,Tedy Bruschi,96,MLB,Legends
109,2019-01-25,https://www.muthead.com/19/players/prices/63151-rodney-harrison,Rodney Harrison,97,SS,Super Bowl Past
70,2019-01-25,https://www.muthead.com/19/players/prices/63152-ronde-barber,Ronde Barber,97,CB,Super Bowl Past
181,2019-01-25,https://www.muthead.com/19/players/prices/63168-reggie-white,Reggie White,97,LE,Super Bowl Past
317,2019-01-25,https://www.muthead.com/19/players/prices/63172-marshawn-lynch,Marshawn Lynch,95,HB,Super Bowl Past
85,2019-01-25,https://www.muthead.com/19/players/prices/63153-dallas-clark,Dallas Clark,97,TE,Super Bowl Past
257,2019-01-25,https://www.muthead.com/19/players/prices/63157-malcolm-butler,Malcolm Butler,95,CB,Super Bowl Past
99,2019-01-25,https://www.muthead.com/19/players/prices/63166-john-elway,John Elway,97,QB,Super Bowl Past
108,2019-01-25,https://www.muthead.com/19/players/prices/63167-franco-harris,Franco Harris,97,FB,Super Bowl Past
248,2019-01-24,https://www.muthead.com/19/players/prices/62591-legarrette-blount,LeGarrette Blount,95,HB,NFL Playoffs
353,2019-01-24,https://www.muthead.com/19/players/prices/62592-kawann-short,Kawann Short,95,DT,NFL Playoffs
221,2019-01-19,https://www.muthead.com/19/players/prices/52360-greg-olsen,Greg Olsen,96,TE,Legends
209,2019-01-19,https://www.muthead.com/19/players/prices/52372-ed-too-tall-jones,Ed Too Tall Jones,96,LE,Legends
228,2019-01-19,https://www.muthead.com/19/players/prices/52366-terrell-suggs,Terrell Suggs,96,ROLB,Legends
270,2019-01-17,https://www.muthead.com/19/players/prices/62589-vernon-davis,Vernon Davis,95,TE,NFL Playoffs
371,2019-01-17,https://www.muthead.com/19/players/prices/62590-eric-weddle,Eric Weddle,95,FS,NFL Playoffs
231,2019-01-14,https://www.muthead.com/19/players/prices/62815-leighton-vander-esch,Leighton Vander Esch,96,LOLB,Team of the Year
278,2019-01-14,https://www.muthead.com/19/players/prices/62811-stephon-gilmore,Stephon Gilmore,95,CB,Team of the Year
239,2019-01-14,https://www.muthead.com/19/players/prices/62812-jamal-adams,Jamal Adams,95,SS,Team of the Year
77,2019-01-14,https://www.muthead.com/19/players/prices/62805-drew-brees,Drew Brees,97,QB,Team of the Year
236,2019-01-14,https://www.muthead.com/19/players/prices/62806-marshal-yanda,Marshal Yanda,96,RG,Team of the Year
356,2019-01-14,https://www.muthead.com/19/players/prices/62827-juju-smith-schuster,JuJu Smith-Schuster,95,WR,Team of the Year
284,2019-01-14,https://www.muthead.com/19/players/prices/62804-rob-havenstein,Rob Havenstein,95,RT,Team of the Year
229,2019-01-14,https://www.muthead.com/19/players/prices/62803-adam-thielen,Adam Thielen,96,WR,Team of the Year
214,2019-01-14,https://www.muthead.com/19/players/prices/62814-darius-leonard,Darius Leonard,96,ROLB,Team of the Year
218,2019-01-14,https://www.muthead.com/19/players/prices/62808-quenton-nelson,Quenton Nelson,96,LG,Team of the Year
258,2019-01-14,https://www.muthead.com/19/players/prices/62818-kevin-byard,Kevin Byard,95,FS,Team of the Year
210,2019-01-14,https://www.muthead.com/19/players/prices/62822-brett-kern,Brett Kern,96,P,Team of the Year
206,2019-01-14,https://www.muthead.com/19/players/prices/62807-tyreek-hill,Tyreek Hill,96,WR,Team of the Year
203,2019-01-14,https://www.muthead.com/19/players/prices/62819-damon-harrison-sr,Damon Harrison Sr,96,DT,Team of the Year
202,2019-01-14,https://www.muthead.com/19/players/prices/62821-robbie-gould,Robbie Gould,96,K,Team of the Year
301,2019-01-14,https://www.muthead.com/19/players/prices/62826-chris-jones,Chris Jones,95,RE,Team of the Year
198,2019-01-14,https://www.muthead.com/19/players/prices/62820-kyle-fuller,Kyle Fuller,96,CB,Team of the Year
103,2019-01-14,https://www.muthead.com/19/players/prices/62813-myles-garrett,Myles Garrett,97,RE,Team of the Year
42,2019-01-14,https://www.muthead.com/19/players/prices/62809-todd-gurley-ii,Todd Gurley II,98,HB,Team of the Year
246,2019-01-14,https://www.muthead.com/19/players/prices/62810-david-bakhtiari,David Bakhtiari,95,LT,Team of the Year
287,2019-01-14,https://www.muthead.com/19/players/prices/62816-akiem-hicks,Akiem Hicks,95,LE,Team of the Year
307,2019-01-14,https://www.muthead.com/19/players/prices/62823-kyle-juszczyk,Kyle Juszczyk,95,FB,Team of the Year
309,2019-01-14,https://www.muthead.com/19/players/prices/62801-george-kittle,George Kittle,95,TE,Team of the Year
318,2019-01-14,https://www.muthead.com/19/players/prices/62802-alex-mack,Alex Mack,95,C,Team of the Year
59,2019-01-14,https://www.muthead.com/19/players/prices/62817-bobby-wagner,Bobby Wagner,98,MLB,Team of the Year
308,2019-01-14,https://www.muthead.com/19/players/prices/62830-desmond-king,Desmond King,95,CB,Team of the Year
249,2019-01-12,https://www.muthead.com/19/players/prices/52353-mel-blount,Mel Blount,95,CB,Legends
208,2019-01-12,https://www.muthead.com/19/players/prices/52359-chris-johnson,Chris Johnson,96,HB,Legends
280,2019-01-12,https://www.muthead.com/19/players/prices/52347-otto-graham,Otto Graham,95,QB,Legends
337,2019-01-10,https://www.muthead.com/19/players/prices/62588-jalen-ramsey,Jalen Ramsey,95,CB,NFL Playoffs
261,2019-01-10,https://www.muthead.com/19/players/prices/62587-randall-cobb,Randall Cobb,95,WR,NFL Playoffs
242,2019-01-05,https://www.muthead.com/19/players/prices/52334-marcus-allen,Marcus Allen,95,HB,Legends
250,2019-01-05,https://www.muthead.com/19/players/prices/62531-joey-bosa,Joey Bosa,95,LE,NFL Playoffs
288,2019-01-05,https://www.muthead.com/19/players/prices/62517-deandre-hopkins,DeAndre Hopkins,95,WR,NFL Playoffs
312,2019-01-05,https://www.muthead.com/19/players/prices/62552-marshon-lattimore,Marshon Lattimore,95,CB,NFL Playoffs
149,2019-01-05,https://www.muthead.com/19/players/prices/62502-willie-mcginest,Willie McGinest,97,ROLB,NFL Playoffs
292,2019-01-05,https://www.muthead.com/19/players/prices/62559-eddie-jackson,Eddie Jackson,95,FS,NFL Playoffs
172,2019-01-05,https://www.muthead.com/19/players/prices/62501-steve-smith-sr,Steve Smith Sr,97,WR,NFL Playoffs
267,2019-01-05,https://www.muthead.com/19/players/prices/62580-fletcher-cox,Fletcher Cox,95,DT,NFL Playoffs
254,2019-01-05,https://www.muthead.com/19/players/prices/62573-duane-brown,Duane Brown,95,LT,NFL Playoffs
265,2019-01-05,https://www.muthead.com/19/players/prices/62545-brandin-cooks,Brandin Cooks,95,WR,NFL Playoffs
316,2019-01-05,https://www.muthead.com/19/players/prices/52262-ronnie-lott,Ronnie Lott,95,FS,Legends
322,2019-01-05,https://www.muthead.com/19/players/prices/62566-zack-martin,Zack Martin,95,RG,NFL Playoffs
252,2019-01-05,https://www.muthead.com/19/players/prices/62510-tom-brady,Tom Brady,95,QB,NFL Playoffs
219,2019-01-05,https://www.muthead.com/19/players/prices/52346-ray-nitschke,Ray Nitschke,96,MLB,Legends
330,2019-01-05,https://www.muthead.com/19/players/prices/62524-c-j-mosley,C.J. Mosley,95,MLB,NFL Playoffs
351,2019-01-05,https://www.muthead.com/19/players/prices/62538-jabaal-sheard,Jabaal Sheard,95,RE,NFL Playoffs
349,2019-01-05,https://www.muthead.com/19/players/prices/62503-mitchell-schwartz,Mitchell Schwartz,95,RT,NFL Playoffs
207,2019-01-03,https://www.muthead.com/19/players/prices/56271-justin-houston,Justin Houston,96,LOLB,Team of the Week
275,2019-01-03,https://www.muthead.com/19/players/prices/56265-zach-ertz,Zach Ertz,95,TE,Team of the Week
286,2019-01-03,https://www.muthead.com/19/players/prices/59041-hunter-henry,Hunter Henry,95,TE,Primetime Performers
230,2019-01-03,https://www.muthead.com/19/players/prices/56270-michael-thomas,Michael Thomas,96,WR,Team of the Week
313,2019-01-03,https://www.muthead.com/19/players/prices/56266-demarcus-lawrence,DeMarcus Lawrence,95,LE,Team of the Week
329,2019-01-03,https://www.muthead.com/19/players/prices/59042-von-miller,Von Miller,95,LOLB,Primetime Performers
293,2018-12-31,https://www.muthead.com/19/players/prices/62195-kareem-jackson,Kareem Jackson,95,CB,Limited Edition
295,2018-12-31,https://www.muthead.com/19/players/prices/62194-grady-jarrett,Grady Jarrett,95,DT,Limited Edition
360,2018-12-31,https://www.muthead.com/19/players/prices/62193-golden-tate-iii,Golden Tate III,95,WR,Limited Edition
333,2018-12-31,https://www.muthead.com/19/players/prices/62192-adrian-peterson,Adrian Peterson,95,HB,Limited Edition
331,2018-12-29,https://www.muthead.com/19/players/prices/52333-terrell-owens,Terrell Owens,95,WR,Legends
350,2018-12-29,https://www.muthead.com/19/players/prices/52321-shannon-sharpe,Shannon Sharpe,95,TE,Legends
315,2018-12-29,https://www.muthead.com/19/players/prices/52327-ray-lewis,Ray Lewis,95,MLB,Legends
373,2018-12-29,https://www.muthead.com/19/players/prices/62190-russell-wilson,Russell Wilson,95,QB,Ghosts of Madden
282,2018-12-29,https://www.muthead.com/19/players/prices/62140-rob-gronkowski,Rob Gronkowski,95,TE,Ghosts of Madden
212,2018-12-29,https://www.muthead.com/19/players/prices/62191-ty-law,Ty Law,96,CB,Ghosts of Madden
253,2018-12-28,https://www.muthead.com/19/players/prices/62171-antonio-brown,Antonio Brown,95,WR,Ghosts of Madden
370,2018-12-28,https://www.muthead.com/19/players/prices/62172-j-j-watt,J.J. Watt,95,LE,Ghosts of Madden
225,2018-12-28,https://www.muthead.com/19/players/prices/62173-jeremy-shockey,Jeremy Shockey,96,TE,Ghosts of Madden
194,2018-12-28,https://www.muthead.com/19/players/prices/62174-brian-dawkins,Brian Dawkins,96,FS,Ghosts of Madden
345,2018-12-27,https://www.muthead.com/19/players/prices/59039-matt-ryan,Matt Ryan,95,QB,Primetime Performers
223,2018-12-27,https://www.muthead.com/19/players/prices/62137-ed-reed,Ed Reed,96,SS,Ghosts of Madden
244,2018-12-27,https://www.muthead.com/19/players/prices/59040-geno-atkins,Geno Atkins,95,DT,Primetime Performers
217,2018-12-25,https://www.muthead.com/19/players/prices/62188-randy-moss,Randy Moss,96,WR,Ghosts of Madden
334,2018-12-25,https://www.muthead.com/19/players/prices/62187-patrick-peterson,Patrick Peterson,95,CB,Ghosts of Madden
358,2018-12-24,https://www.muthead.com/19/players/prices/62095-ndamukong-suh,Ndamukong Suh,95,DT,Ghosts of Madden
189,2018-12-22,https://www.muthead.com/19/players/prices/62093-tim-brown,Tim Brown,96,WR,Ghosts of Madden
188,2018-12-22,https://www.muthead.com/19/players/prices/62183-derrick-brooks,Derrick Brooks,96,ROLB,Ghosts of Madden
340,2018-12-22,https://www.muthead.com/19/players/prices/52308-jerry-rice,Jerry Rice,95,WR,Legends
375,2018-12-22,https://www.muthead.com/19/players/prices/52320-rod-woodson,Rod Woodson,95,CB,Legends
357,2018-12-22,https://www.muthead.com/19/players/prices/52314-michael-strahan,Michael Strahan,95,LE,Legends
224,2018-12-22,https://www.muthead.com/19/players/prices/62182-barry-sanders,Barry Sanders,96,HB,Ghosts of Madden
232,2018-12-21,https://www.muthead.com/19/players/prices/62167-demarcus-ware,DeMarcus Ware,96,LOLB,Ghosts of Madden
237,2018-12-21,https://www.muthead.com/19/players/prices/62163-steve-young,Steve Young,96,QB,Ghosts of Madden
220,2018-12-21,https://www.muthead.com/19/players/prices/62165-jonathan-ogden,Jonathan Ogden,96,LT,Ghosts of Madden
200,2018-12-21,https://www.muthead.com/19/players/prices/62164-eddie-george,Eddie George,96,HB,Ghosts of Madden
227,2018-12-21,https://www.muthead.com/19/players/prices/62166-bruce-smith,Bruce Smith,96,RE,Ghosts of Madden
234,2018-12-21,https://www.muthead.com/19/players/prices/62168-aeneas-williams,Aeneas Williams,96,CB,Ghosts of Madden
311,2018-12-18,https://www.muthead.com/19/players/prices/62181-luke-kuechly,Luke Kuechly,95,MLB,Ghosts of Madden
319,2018-12-18,https://www.muthead.com/19/players/prices/56269-khalil-mack,Khalil Mack,95,LE,Team of the Week
343,2018-12-18,https://www.muthead.com/19/players/prices/62180-aaron-rodgers,Aaron Rodgers,95,QB,Ghosts of Madden
323,2018-12-17,https://www.muthead.com/19/players/prices/62157-christian-mccaffrey,Christian McCaffrey,95,HB,Ghosts of Madden
299,2018-12-17,https://www.muthead.com/19/players/prices/62159-lane-johnson,Lane Johnson,95,RT,Ghosts of Madden
362,2018-12-17,https://www.muthead.com/19/players/prices/62162-earl-thomas-iii,Earl Thomas III,95,FS,Ghosts of Madden
303,2018-12-17,https://www.muthead.com/19/players/prices/62158-julio-jones,Julio Jones,95,WR,Ghosts of Madden
339,2018-12-17,https://www.muthead.com/19/players/prices/62161-xavier-rhodes,Xavier Rhodes,95,CB,Ghosts of Madden
268,2018-12-17,https://www.muthead.com/19/players/prices/62160-lavonte-david,Lavonte David,95,ROLB,Ghosts of Madden
367,2018-12-15,https://www.muthead.com/19/players/prices/52294-brian-urlacher,Brian Urlacher,95,MLB,Legends
354,2018-12-14,https://www.muthead.com/19/players/prices/60136-roquan-smith,Roquan Smith,95,MLB,The Gauntlet
338,2018-12-14,https://www.muthead.com/19/players/prices/60140-john-randle,John Randle,95,DT,The Gauntlet
326,2018-12-14,https://www.muthead.com/19/players/prices/60139-donovan-mcnabb,Donovan McNabb,95,QB,The Gauntlet
352,2018-12-14,https://www.muthead.com/19/players/prices/60138-richard-sherman,Richard Sherman,95,CB,The Gauntlet
276,2018-12-14,https://www.muthead.com/19/players/prices/60137-devonta-freeman,Devonta Freeman,95,HB,The Gauntlet
266,2018-12-11,https://www.muthead.com/19/players/prices/56268-amari-cooper,Amari Cooper,95,WR,Team of the Week
269,2018-12-08,https://www.muthead.com/19/players/prices/52307-terrell-davis,Terrell Davis,95,HB,Legends
256,2018-12-07,https://www.muthead.com/19/players/prices/62002-dick-butkus,Dick Butkus,95,MLB,Zero Chill
298,2018-12-07,https://www.muthead.com/19/players/prices/62001-chad-johnson,Chad Johnson,95,WR,Zero Chill
368,2018-12-04,https://www.muthead.com/19/players/prices/56267-bobby-wagner,Bobby Wagner,95,MLB,Team of the Week
321,2018-12-01,https://www.muthead.com/19/players/prices/52281-dan-marino,Dan Marino,95,QB,Legends
302,2018-11-24,https://www.muthead.com/19/players/prices/52268-deacon-jones,Deacon Jones,95,LE,Legends
346,2018-11-24,https://www.muthead.com/19/players/prices/61300-deion-sanders,Deion Sanders,95,CB,Blitz
281,2018-11-17,https://www.muthead.com/19/players/prices/52255-darrell-green,Darrell Green,95,CB,Legends
361,2018-11-16,https://www.muthead.com/19/players/prices/61002-lawrence-taylor,Lawrence Taylor,95,ROLB,Harvest
332,2018-11-16,https://www.muthead.com/19/players/prices/61001-walter-payton,Walter Payton,95,HB,Harvest
